{
  "rows": 560,
  "rmse": 42.72037983407599,
  "mae": 18.892245617242796
}